{
    "JsonDocument": [
        {
            "ObjectData": [
                {
                    "pathArray": [
                        "mediumPalmTree/mediumPalmTree.fbx"
                    ],
                    "position": {
                        "x": 0.0,
                        "y": 0.0,
                        "z": 15.180000305175782
                    },
                    "rotation": {
                        "x": 0.0,
                        "y": 0.0,
                        "z": 0.0
                    }
                },
                {
                    "pathArray": [
                        "mediumPalmTree/mediumPalmTree.fbx"
                    ],
                    "position": {
                        "x": 16.501850128173829,
                        "y": -3.4584379059194726e-16,
                        "z": 15.575419425964356
                    },
                    "rotation": {
                        "x": 0.0,
                        "y": 0.0,
                        "z": 0.0
                    }
                },
                {
                    "pathArray": [
                        "mediumPalmTree/mediumPalmTree.fbx"
                    ],
                    "position": {
                        "x": -13.399943351745606,
                        "y": -3.4124495755372805e-16,
                        "z": 15.368305206298829
                    },
                    "rotation": {
                        "x": 0.0,
                        "y": 0.0,
                        "z": 0.0
                    }
                }
            ],
            "TriggerData": [
                {
                    "position": {
                        "x": 0.0,
                        "y": 0.0,
                        "z": 0.0
                    },
                    "radius": 9.050000190734864,
                    "myLuaFile": "lua.lua"
                }
            ],
            "PointLightData": [
                {
                    "range": 6.71999979019165,
                    "intensity": 6.71999979019165,
                    "color": {
                        "x": 0.0943446159362793,
                        "y": 0.0,
                        "z": 1.0
                    },
                    "position": {
                        "x": -14.039999961853028,
                        "y": 3.450000047683716,
                        "z": 15.489999771118164
                    }
                }
            ],
            "SpotLightData": [
                {
                    "range": 27.360719680786134,
                    "spotLightAngle": 38.79999923706055,
                    "intensity": 136.80360412597657,
                    "color": {
                        "x": 0.9309331178665161,
                        "y": 0.9852941036224365,
                        "z": 0.0
                    },
                    "position": {
                        "x": -0.1899999976158142,
                        "y": 2.440000057220459,
                        "z": 4.789999961853027
                    },
                    "rotation": {
                        "x": 45.000003814697269,
                        "y": 90.0,
                        "z": 0.0
                    }
                }
            ]
        }
    ]
}